{
    "neighbors":[
        [3, 4, 5, 8, 21, 31, 39],
        [3, 5, 7, 11, 14, 16, 20, 22, 34],
        [4, 6, 11, 18, 32],
        [6, 7, 9, 18],
        [13, 26, 28, 45],
        [30],
        [8, 9, 10, 12, 15, 30, 46],
        [12, 23, 50],
        [10, 15, 35],
        [37, 43],
        [13, 33, 36, 37, 39, 42],
        [23, 28],
        [14],
        [17, 24, 27, 35],
        [16, 21, 25, 29],
        [17, 19, 24],
        [20, 25, 41],
        [1, 19, 29],
        [26, 48, 50],
        [22, 33, 49],
        [27],
        [34, 38],
        [],
        [42],
        [1, 38],
        [40],
        [31],
        [],
        [43, 44],
        [],
        [32, 47],
        [44],
        [41],
        [36],
        [40, 45],
        [],
        [2],
        [],
        [47],
        [],
        [],
        [],
        [46],
        [2, 49],
        [],
        [],
        [],
        [2],
        [],
        []
    ],
    "excitement": [3.7, 3.5, 4.6, 1.1, 4.5, 5.0, 5.3, 4.1, 5.6, 1.7, 
                   3.6, 1.4, 1.8, 1.1, 2.0, 3.4, 3.0, 5.6, 3.6, 2.0,
                   2.3, 0.1, 5.0, 1.2, 4.1, 6.9, 0.2, 3.9, 0.5, 5.4,
                   3.9, 1.5, 1.0, 3.2, 4.5, 3.9, 5.9, 2.0, 2.3, 0.8,
                   1.7, 0.4, 3.7, 3.1, 4.6, 1.2, 0.6, 5.0, 4.5, 1.2],
    "weights": [10.0, 10.0, 10.0, 10.0, 10.0, 10.0, 10.0, 10.0, 10.0, 10.0,
                10.0, 10.0, 10.0, 10.0, 10.0, 10.0, 10.0, 10.0, 10.0, 10.0,
                10.0, 10.0, 10.0, 10.0, 10.0, 10.0, 10.0, 10.0, 10.0, 10.0,
                10.0, 10.0, 10.0, 10.0, 10.0, 10.0, 10.0, 10.0, 10.0, 10.0,
                10.0, 10.0, 10.0, 10.0, 10.0, 10.0, 10.0, 10.0, 10.0, 10.0],
    "transmission": 0.4,
    "retention": 0.4
}