{
	"neighbors":[
        [5, 9, 15, 18, 19, 23, 24, 26, 28, 30, 37, 38, 44, 46],
        [5, 13, 20, 24, 25, 26, 32],
        [4, 15, 23, 37, 40, 42, 43],
        [2, 3, 6, 7, 11, 16, 17, 25, 29, 35, 37, 38, 48],
        [1, 6, 11, 14, 16, 23, 24, 32, 34, 41, 48, 49],
        [13, 16, 27, 29, 45],
        [27, 50],
        [13, 24],
        [10, 14, 19, 21, 22, 26, 27, 32, 44],
        [9, 11, 18, 27, 34],
        [1, 3, 7, 28, 30, 39],
        [2, 26, 43],
        [16, 18],
        [2, 3, 22],
        [11, 13, 21, 29, 37, 42, 46],
        [4, 6, 20, 31, 38],
        [5, 19, 20, 41, 44],
        [2, 6, 26, 40],
        [3, 5, 15, 22, 29],
        [10, 12, 16, 44],
        [8, 22, 28, 44],
        [5, 16, 49],
        [],
        [22, 27, 34],
        [27, 39, 40, 48],
        [17, 19],
        [26],
        [8, 10],
        [1, 7, 11, 13], 
        [32],
        [27],
        [],
        [34],
        [30, 50],
        [8, 21, 36],
        [39, 44],
        [15],
        [45],
        [30, 44],
        [],
        [],
        [38],
        [36],
        [5, 18],
        [44],
        [20, 40],
        [13, 19],
        [15],
        [],
        [9]
	],
	"excitement": [3.7, 3.5, 4.6, 1.1, 4.5, 5.0, 5.3, 4.1, 5.6, 1.7, 
				   3.6, 1.4, 1.8, 1.1, 2.0, 3.4, 3.0, 5.6, 3.6, 2.0,
				   2.3, 0.1, 5.0, 1.2, 4.1, 6.9, 0.2, 3.9, 0.5, 5.4,
				   3.9, 1.5, 1.0, 3.2, 4.5, 3.9, 5.9, 2.0, 2.3, 0.8,
				   1.7, 0.4, 3.7, 3.1, 4.6, 1.2, 0.6, 5.0, 4.5, 1.2],
	"weights": [10.0, 10.0, 10.0, 10.0, 10.0, 10.0, 10.0, 10.0, 10.0, 10.0,
			    10.0, 10.0, 10.0, 10.0, 10.0, 10.0, 10.0, 10.0, 10.0, 10.0,
				10.0, 10.0, 10.0, 10.0, 10.0, 10.0, 10.0, 10.0, 10.0, 10.0,
				10.0, 10.0, 10.0, 10.0, 10.0, 10.0, 10.0, 10.0, 10.0, 10.0,
				10.0, 10.0, 10.0, 10.0, 10.0, 10.0, 10.0, 10.0, 10.0, 10.0],
	"transmission": 0.4,
	"retention": 0.4
}